{
    "global_p95": 0.5411051675267902,
    "global_p97": 0.60809632602897,
    "global_p99": 1.0668782975954465,
    "seasonal": {
        "verao": 0.8365647487009281,
        "outono": 0.5232213194596934,
        "inverno": 0.5262600153823894,
        "primavera": 1.0666795166259153
    }
}